{
    "oa": 81.40713916192446,
    "each_acc": "[100.          71.25360231  69.24050633  94.92385787  95.25959368\n  97.24637681 100.          98.63013699  90.          78.43347639\n  76.60455487  65.28028933 100.          90.53061224  93.06358382\n 100.        ]",
    "aa": 88.77916191444292,
    "kappa": 78.81181530330107,
    "macs": 3016047616.0,
    "flop": 6032095232.0,
    "times": 15159
}