{
    "oa": 81.22090015519917,
    "each_acc": "[100.          58.28530259  83.29113924  97.46192893  89.61625282\n  98.26086957 100.          99.543379    80.          81.75965665\n  74.12008282  78.84267631  99.39393939  91.18367347  95.37572254\n 100.        ]",
    "aa": 89.195913958519,
    "kappa": 78.68381521463753,
    "macs": 3016047616.0,
    "flop": 6032095232.0
}