{
    "oa": 60.015858856179996,
    "each_acc": "[ 80.55555556  39.28067701  54.26829268  50.66079295  80.54968288\n  85.         100.          82.90598291 100.          70.58212058\n  43.47648262  45.79759863  99.48717949  75.53784861  70.74468085\n 100.        ]",
    "aa": 73.67793092202876,
    "kappa": 55.57652592609442,
    "macs": 3016047616.0,
    "flop": 6032095232.0,
    "times": 513.580272436142
}