{
    "oa": 87.57328308207704,
    "each_acc": "[100.          85.8490566   85.38461538 100.          91.22401848\n  96.47058824 100.          98.36448598 100.          83.83947939\n  77.96257796  90.23941068  98.70967742  94.32098765  98.21428571\n 100.        ]",
    "aa": 93.78619896908162,
    "kappa": 85.85403562055134,
    "macs": 3016047616.0,
    "flop": 6032095232.0
}