{
    "oa": 62.3550401427297,
    "each_acc": "[ 72.22222222  41.74894217  47.31707317  81.93832599  59.19661734\n  76.66666667 100.          88.88888889 100.          57.06860707\n  59.26380368  41.85248714  97.94871795  84.22310757  66.4893617\n 100.        ]",
    "aa": 73.42655134709912,
    "kappa": 58.11669609980511,
    "macs": 3016047616.0,
    "flop": 6032095232.0,
    "times": 6052
}