{
    "oa": 85.46901172529313,
    "each_acc": "[100.          78.08417997  87.43589744  95.72192513  90.76212471\n  98.08823529 100.         100.         100.          86.00867679\n  72.39085239  91.52854512  98.70967742  94.1563786   95.53571429\n 100.        ]",
    "aa": 93.02638794700196,
    "kappa": 83.49859022354607,
    "macs": 3016047616.0,
    "flop": 6032095232.0,
    "times": 15137
}