{
    "oa": 80.87946197620279,
    "each_acc": "[100.          69.30835735  69.87341772  97.96954315  91.4221219\n  91.30434783 100.          96.57534247 100.          86.4806867\n  72.17391304  83.36347197  99.39393939  86.36734694  97.39884393\n 100.        ]",
    "aa": 90.101958273663,
    "kappa": 78.36589867019266,
    "macs": 3016047616.0,
    "flop": 6032095232.0,
    "times": 15148
}