{
    "oa": 90.58976582827407,
    "each_acc": "[ 51.2195122   87.79160187  92.63721553  92.52336449  92.87356322\n  97.41248097  73.91304348  96.05568445  93.33333333  84.91428571\n  89.72850679  80.33707865 100.          97.190518    85.05747126\n 100.        ]",
    "aa": 88.43672874693227,
    "kappa": 89.27818132413262
}