{
    "oa": 86.62060301507537,
    "each_acc": "[100.          85.41364296  81.41025641  99.46524064  94.68822171\n  96.61764706 100.          97.89719626 100.          85.46637744\n  76.63201663  93.55432781  98.70967742  88.64197531  98.51190476\n 100.        ]",
    "aa": 93.56303027581436,
    "kappa": 84.77299987876982,
    "macs": 3016047616.0,
    "flop": 6032095232.0
}