{
    "oa": 71.15926378063668,
    "each_acc": "[66.22296173 63.03075849 78.06637807 85.282523   99.9245283  82.27191056\n 79.84732824 71.27252867 93.95900755]",
    "aa": 79.98643606877265,
    "kappa": 64.11240613641728
}