{
    "oa": 76.00291415007872,
    "each_acc": "[ 66.18225855  76.66988832  70.6364513   86.64034222 100.\n  82.61390887  85.67049808  59.22887613  92.51626898]",
    "aa": 80.0176102726992,
    "kappa": 69.40173167004258
}