{
    "oa": 72.95285942342004,
    "each_acc": "[ 67.79609741  67.69552848  78.73977874  80.94612352 100.\n  80.35536035  80.76335878  70.48061169  96.22437972]",
    "aa": 80.3334709654544,
    "kappa": 65.93155396975186
}