{
    "oa": 72.55540458229865,
    "each_acc": "[ 74.98867241  73.02430388  51.26854955  83.88998035 100.\n  60.03187886  73.18181818  71.21459695  88.90074707]",
    "aa": 75.16672747121747,
    "kappa": 64.65733859431721
}