{
    "oa": 82.50599915306076,
    "each_acc": "[77.4428117  79.52091949 83.42194297 91.49637442 99.23954373 83.75675135\n 87.30769231 85.87075575 96.72846238]",
    "aa": 87.19836156540562,
    "kappa": 77.52419541879921
}