{
    "oa": 72.47953847236228,
    "each_acc": "[69.15054414 72.67360738 70.00959693 87.27451623 98.04511278 63.28280814\n 80.68441065 61.4944096  93.99141631]",
    "aa": 77.40071357303255,
    "kappa": 64.82847530551675
}