{
    "oa": 87.22534612295043,
    "each_acc": "[ 88.01094059  82.71412442  87.70131772  92.93297943 100.\n  90.11849769  88.671875    91.79515419  99.66555184]",
    "aa": 91.2900489846559,
    "kappa": 83.48681731551521,
    "macs": 1563804672.0,
    "flop": 3127609344.0
}