{
    "oa": 69.33936821369105,
    "each_acc": "[59.11426844 71.57883439 73.94433781 90.19350607 90.90225564 63.20303151\n 80.53231939 46.41396237 95.27896996]",
    "aa": 74.57349839722211,
    "kappa": 61.01812851120846
}