{
    "oa": 70.54772056411939,
    "each_acc": "[58.34466093 68.69467246 65.82096697 83.30058939 89.13857678 77.10699342\n 71.51515152 73.25708061 89.00747065]",
    "aa": 75.13179585881382,
    "kappa": 63.02589137954897,
    "macs": 1563804672.0,
    "flop": 3127609344.0,
    "times": 430.9284074306488
}