{
    "oa": 73.68926580143372,
    "each_acc": "[ 69.40039269  73.15843125  65.24652944  86.44400786 100.\n  65.82984658  71.89393939  75.3540305   92.4226254 ]",
    "aa": 77.74997812365932,
    "kappa": 66.32434090536354
}