{
    "oa": 55.5357936860827,
    "each_acc": "[41.57862964 55.96438533 53.62941738 67.27688787 91.79104478 58.4593949\n 68.90566038 37.66657601 95.11677282]",
    "aa": 63.37652990171876,
    "kappa": 45.091853150020434
}