{
    "oa": 79.26018189936782,
    "each_acc": "[63.80563124 84.69716495 76.61523626 87.36426456 99.92424242 77.69784173\n 86.74329502 63.98687449 88.28633406]",
    "aa": 81.01343163618084,
    "kappa": 73.10619680434812
}