{
    "oa": 98.23390385164792,
    "each_acc": "[98.42493298 99.71403038 96.34920635 95.86656998 99.91742362 97.39341727\n 90.89390142 96.28847314 99.53106682]",
    "aa": 97.15322466288939,
    "kappa": 97.65604218634897
}