{
    "oa": 69.4918036631411,
    "each_acc": "[67.39721886 64.11398519 68.61804223 91.40701869 92.85714286 75.68807339\n 79.01140684 55.90400873 95.49356223]",
    "aa": 76.72116211409468,
    "kappa": 61.87855982333485
}