{
    "oa": 70.46104109075574,
    "each_acc": "[ 64.79383779  68.20644884  67.35280038  87.42632613 100.\n  62.62203626  77.42424242  74.21023965  82.39060832]",
    "aa": 76.04739331195577,
    "kappa": 62.53006034738247
}