{
    "oa": 78.28885326291966,
    "each_acc": "[ 80.10923987  69.61147832  79.74745022  93.32010582 100.\n  90.15834837  88.52713178  74.3272927   94.48732084]",
    "aa": 85.58759643463945,
    "kappa": 72.82083094299894,
    "macs": 1563804672.0,
    "flop": 3127609344.0
}