{
    "oa": 87.67896801020649,
    "each_acc": "[ 88.99863243  84.25721813  85.9443631   92.10351692 100.\n  89.87748544  87.8125      89.81277533  99.21962096]",
    "aa": 90.89179025662992,
    "kappa": 84.02295962521535,
    "macs": 1563804672.0,
    "flop": 3127609344.0
}