{
    "oa": 54.361002550841306,
    "each_acc": "[68.14065801 42.42651791 52.62655205 86.40078457 90.82089552 58.32006369\n 48.52830189 37.44900734 94.69214437]",
    "aa": 64.37832504135179,
    "kappa": 44.87303358862388
}