{
    "oa": 78.91941434983902,
    "each_acc": "[68.15016652 85.22873711 78.39922854 87.13392563 99.84848485 70.60351719\n 85.82375479 57.97101449 91.21475054]",
    "aa": 80.48595329611784,
    "kappa": 72.5461714386632
}