{
    "oa": 77.847833247071,
    "each_acc": "[76.94288744 69.31628981 81.44030933 91.62821358 97.64258555 84.75695139\n 86.92307692 86.17196057 91.82115594]",
    "aa": 85.18260339310228,
    "kappa": 72.1145672416968
}