{
    "oa": 71.9105080289229,
    "each_acc": "[ 65.98094086  64.56599925  80.51948052  86.49802891 100.\n  80.555001    80.61068702  71.57291098  96.76375405]",
    "aa": 80.78520028638468,
    "kappa": 64.88257181625471
}