{
    "oa": 52.73220846692097,
    "each_acc": "[70.0724419  35.31431023 49.28366762 86.62961752 88.35820896 68.55095541\n 53.13207547 39.05357629 90.87048832]",
    "aa": 64.58503796910313,
    "kappa": 43.686583730875604
}