{
    "oa": 77.32368216963174,
    "each_acc": "[68.5134726  82.04467354 75.98842816 85.3899309  99.84848485 73.32134293\n 86.43678161 53.65053322 91.97396963]",
    "aa": 79.68529082613172,
    "kappa": 70.66557055045523
}