{
    "oa": 70.5805182026894,
    "each_acc": "[ 59.3414892   69.85889801  63.76256582  87.5573019  100.\n  75.43335326  72.27272727  62.11873638  87.0864461 ]",
    "aa": 75.27016866100801,
    "kappa": 62.80134997238126
}