{
    "oa": 71.01605784580713,
    "each_acc": "[ 70.20117985  59.24633636  69.26406926  89.91458607 100.\n  86.36454382  79.69465649  76.81594757  95.68500539]",
    "aa": 80.79848053523689,
    "kappa": 64.19671536380459
}