{
    "oa": 81.12976235382875,
    "each_acc": "[ 82.93126991  73.70089742  79.89315202  93.05555556 100.\n  84.04489878  88.91472868  89.78583196  94.48732084]",
    "aa": 87.42373946196822,
    "kappa": 76.03665672221548,
    "macs": 1563804672.0,
    "flop": 3127609344.0
}