{
    "oa": 72.45374170399381,
    "each_acc": "[67.26118501 72.52334442 71.20921305 92.42374549 96.9924812  66.85281213\n 75.51330798 57.40387238 95.38626609]",
    "aa": 77.28513641731884,
    "kappa": 64.86146368099035
}