{
    "oa": 80.97812037319923,
    "each_acc": "[ 71.22313049  83.31722509  76.61523626  86.77196446 100.\n  83.93285372  88.88888889  66.50259776  97.28850325]",
    "aa": 83.83782221235717,
    "kappa": 75.4165169010384
}