{
    "oa": 58.78168074699867,
    "each_acc": "[61.48505886 53.07337481 52.9608405  85.74697614 97.91044776 61.62420382\n 53.81132075 38.10171335 95.01061571]",
    "aa": 66.63606130067315,
    "kappa": 48.967960905932486
}