{
    "oa": 86.42678259226008,
    "each_acc": "[ 84.63759307  83.91849024  83.35773548  94.72461845 100.\n  86.38280779  85.546875    90.22577093  97.212932  ]",
    "aa": 89.55631366152461,
    "kappa": 82.38596076983828,
    "macs": 1563804672.0,
    "flop": 3127609344.0
}