{
    "oa": 71.2481844164363,
    "each_acc": "[53.26989881 77.94946081 41.26376257 83.66077276 99.92509363 52.75951385\n 80.45454545 82.95206972 90.71504803]",
    "aa": 73.66112951277161,
    "kappa": 62.76791416824224
}