{
    "oa": 68.60298773480922,
    "each_acc": "[62.45465538 69.12096168 63.43570058 82.32207281 96.2406015  62.96370164\n 79.84790875 55.52222525 95.06437768]",
    "aa": 74.10802280772154,
    "kappa": 60.14726059603866
}