{
    "oa": 79.58405872112172,
    "each_acc": "[72.98894107 73.78484344 83.4702755  91.19973632 99.77186312 84.39687938\n 88.38461538 87.97918949 96.51035987]",
    "aa": 86.49852261764906,
    "kappa": 74.10633512903505
}