{
    "oa": 79.53230132216629,
    "each_acc": "[69.17133768 77.5122187  78.10536491 92.41924852 99.31558935 77.4154831\n 86.46153846 88.11610077 94.87459106]",
    "aa": 84.821274726789,
    "kappa": 73.79008523918206
}