{
    "oa": 76.47431683726171,
    "each_acc": "[ 68.11374981  74.64705567  76.91197691  78.35085414 100.\n  81.71291675  84.73282443  75.28672856  96.76375405]",
    "aa": 81.83554003492787,
    "kappa": 69.97073980124426
}