{
    "oa": 79.63346351103374,
    "each_acc": "[ 73.24647781  75.62704764  82.21362977  89.81542518 100.\n  82.09641928  86.61538462  85.07667032  93.23882225]",
    "aa": 85.32554187370536,
    "kappa": 74.03694867251666
}