{
    "oa": 85.28857035081101,
    "each_acc": "[ 88.68153543  83.06195927  90.43224866  90.74074074 100.\n  78.95369814  93.64341085  80.34047227  98.12568908]",
    "aa": 89.3310838267502,
    "kappa": 80.86043150891773,
    "macs": 1563804672.0,
    "flop": 3127609344.0
}