{
    "oa": 55.3392150897475,
    "each_acc": "[68.20102626 42.15833512 45.74976122 82.8375286  92.53731343 64.76910828\n 51.8490566  46.77726407 92.88747346]",
    "aa": 65.30742967329164,
    "kappa": 46.07419632177053
}